{
  "2025": {
    "label": "תשפ\"ו",
    "holidays": [
      {
        "date": "2025-09-22",
        "text": "ערב ראש השנה",
        "type": "holiday"
      },
      {
        "date": "2025-09-23",
        "text": "ראש השנה א'",
        "type": "holiday"
      },
      {
        "date": "2025-09-24",
        "text": "ראש השנה ב'",
        "type": "holiday"
      },
      {
        "date": "2025-09-25",
        "text": "צום גדליה",
        "type": "holiday"
      },
      {
        "date": "2025-10-01",
        "text": "ערב יום כיפור",
        "type": "holiday"
      },
      {
        "date": "2025-10-02",
        "text": "יום כיפור",
        "type": "holiday"
      },
      {
        "date": "2025-10-07",
        "text": "סוכות",
        "type": "holiday"
      },
      {
        "date": "2025-10-08",
        "text": "חול המועד סוכות",
        "type": "vacation"
      },
      {
        "date": "2025-10-09",
        "text": "חול המועד סוכות",
        "type": "vacation"
      },
      {
        "date": "2025-10-10",
        "text": "חול המועד סוכות",
        "type": "vacation"
      },
      {
        "date": "2025-10-11",
        "text": "חול המועד סוכות",
        "type": "vacation"
      },
      {
        "date": "2025-10-12",
        "text": "חול המועד סוכות",
        "type": "vacation"
      },
      {
        "date": "2025-10-13",
        "text": "חול המועד סוכות",
        "type": "vacation"
      },
      {
        "date": "2025-10-14",
        "text": "שמחת תורה",
        "type": "holiday"
      },
      {
        "date": "2025-12-14",
        "text": "חנוכה - נר ראשון",
        "type": "holiday"
      },
      {
        "date": "2025-12-15",
        "text": "חנוכה",
        "type": "holiday"
      },
      {
        "date": "2025-12-16",
        "text": "חנוכה",
        "type": "holiday"
      },
      {
        "date": "2025-12-17",
        "text": "חנוכה",
        "type": "holiday"
      },
      {
        "date": "2025-12-18",
        "text": "חנוכה",
        "type": "holiday"
      },
      {
        "date": "2025-12-19",
        "text": "חנוכה",
        "type": "holiday"
      },
      {
        "date": "2025-12-20",
        "text": "חנוכה",
        "type": "holiday"
      },
      {
        "date": "2025-12-21",
        "text": "חנוכה - נר שמיני",
        "type": "holiday"
      },
      {
        "date": "2025-12-22",
        "text": "חופשת חנוכה",
        "type": "vacation"
      },
      {
        "date": "2026-02-02",
        "text": "ט\"ו בשבט",
        "type": "holiday"
      },
      {
        "date": "2026-03-02",
        "text": "תענית אסתר",
        "type": "holiday"
      },
      {
        "date": "2026-03-03",
        "text": "פורים",
        "type": "holiday"
      },
      {
        "date": "2026-03-04",
        "text": "שושן פורים",
        "type": "holiday"
      },
      {
        "date": "2026-04-01",
        "text": "ערב פסח",
        "type": "holiday"
      },
      {
        "date": "2026-04-02",
        "text": "פסח",
        "type": "holiday"
      },
      {
        "date": "2026-04-03",
        "text": "חול המועד פסח",
        "type": "vacation"
      },
      {
        "date": "2026-04-04",
        "text": "חול המועד פסח",
        "type": "vacation"
      },
      {
        "date": "2026-04-05",
        "text": "חול המועד פסח",
        "type": "vacation"
      },
      {
        "date": "2026-04-06",
        "text": "חול המועד פסח",
        "type": "vacation"
      },
      {
        "date": "2026-04-07",
        "text": "חול המועד פסח",
        "type": "vacation"
      },
      {
        "date": "2026-04-08",
        "text": "שביעי של פסח",
        "type": "holiday"
      },
      {
        "date": "2026-04-14",
        "text": "יום השואה",
        "type": "holiday"
      },
      {
        "date": "2026-04-21",
        "text": "יום הזיכרון",
        "type": "holiday"
      },
      {
        "date": "2026-04-22",
        "text": "יום העצמאות",
        "type": "holiday"
      },
      {
        "date": "2026-05-05",
        "text": "ל\"ג בעומר",
        "type": "holiday"
      },
      {
        "date": "2026-05-15",
        "text": "יום ירושלים",
        "type": "holiday"
      },
      {
        "date": "2026-05-21",
        "text": "ערב שבועות",
        "type": "holiday"
      },
      {
        "date": "2026-05-22",
        "text": "שבועות",
        "type": "holiday"
      },
      {
        "date": "2026-07-02",
        "text": "צום י\"ז בתמוז",
        "type": "holiday"
      },
      {
        "date": "2026-07-23",
        "text": "צום ט' באב",
        "type": "holiday"
      }
    ],
    "school_vacations": [
      {
        "start": "2025-10-06",
        "end": "2025-10-14",
        "text": "חופשת סוכות"
      },
      {
        "start": "2025-12-14",
        "end": "2025-12-22",
        "text": "חופשת חנוכה"
      },
      {
        "start": "2026-02-01",
        "end": "2026-02-06",
        "text": "חופשת סמסטר"
      },
      {
        "start": "2026-03-02",
        "end": "2026-03-04",
        "text": "חופשת פורים"
      },
      {
        "start": "2026-03-24",
        "end": "2026-04-08",
        "text": "חופשת פסח"
      },
      {
        "start": "2026-05-21",
        "end": "2026-05-22",
        "text": "חופשת שבועות"
      },
      {
        "start": "2026-06-21",
        "end": "2026-08-31",
        "text": "חופשת קיץ"
      }
    ]
  },
  "2026": {
    "label": "תשפ\"ז",
    "holidays": [
      {
        "date": "2026-09-11",
        "text": "ערב ראש השנה",
        "type": "holiday"
      },
      {
        "date": "2026-09-12",
        "text": "ראש השנה א'",
        "type": "holiday"
      },
      {
        "date": "2026-09-13",
        "text": "ראש השנה ב'",
        "type": "holiday"
      },
      {
        "date": "2026-09-14",
        "text": "צום גדליה",
        "type": "holiday"
      },
      {
        "date": "2026-09-20",
        "text": "ערב יום כיפור",
        "type": "holiday"
      },
      {
        "date": "2026-09-21",
        "text": "יום כיפור",
        "type": "holiday"
      },
      {
        "date": "2026-09-26",
        "text": "סוכות",
        "type": "holiday"
      },
      {
        "date": "2026-09-27",
        "text": "חול המועד סוכות",
        "type": "vacation"
      },
      {
        "date": "2026-09-28",
        "text": "חול המועד סוכות",
        "type": "vacation"
      },
      {
        "date": "2026-09-29",
        "text": "חול המועד סוכות",
        "type": "vacation"
      },
      {
        "date": "2026-09-30",
        "text": "חול המועד סוכות",
        "type": "vacation"
      },
      {
        "date": "2026-10-01",
        "text": "חול המועד סוכות",
        "type": "vacation"
      },
      {
        "date": "2026-10-02",
        "text": "חול המועד סוכות",
        "type": "vacation"
      },
      {
        "date": "2026-10-03",
        "text": "שמחת תורה",
        "type": "holiday"
      },
      {
        "date": "2026-12-04",
        "text": "חנוכה - נר ראשון",
        "type": "holiday"
      },
      {
        "date": "2026-12-05",
        "text": "חנוכה",
        "type": "holiday"
      },
      {
        "date": "2026-12-06",
        "text": "חנוכה",
        "type": "holiday"
      },
      {
        "date": "2026-12-07",
        "text": "חנוכה",
        "type": "holiday"
      },
      {
        "date": "2026-12-08",
        "text": "חנוכה",
        "type": "holiday"
      },
      {
        "date": "2026-12-09",
        "text": "חנוכה",
        "type": "holiday"
      },
      {
        "date": "2026-12-10",
        "text": "חנוכה",
        "type": "holiday"
      },
      {
        "date": "2026-12-11",
        "text": "חנוכה - נר שמיני",
        "type": "holiday"
      },
      {
        "date": "2027-01-23",
        "text": "ט\"ו בשבט",
        "type": "holiday"
      },
      {
        "date": "2027-03-22",
        "text": "תענית אסתר",
        "type": "holiday"
      },
      {
        "date": "2027-03-23",
        "text": "פורים",
        "type": "holiday"
      },
      {
        "date": "2027-03-24",
        "text": "שושן פורים",
        "type": "holiday"
      },
      {
        "date": "2027-04-21",
        "text": "ערב פסח",
        "type": "holiday"
      },
      {
        "date": "2027-04-22",
        "text": "פסח",
        "type": "holiday"
      },
      {
        "date": "2027-04-23",
        "text": "חול המועד פסח",
        "type": "vacation"
      },
      {
        "date": "2027-04-24",
        "text": "חול המועד פסח",
        "type": "vacation"
      },
      {
        "date": "2027-04-25",
        "text": "חול המועד פסח",
        "type": "vacation"
      },
      {
        "date": "2027-04-26",
        "text": "חול המועד פסח",
        "type": "vacation"
      },
      {
        "date": "2027-04-27",
        "text": "חול המועד פסח",
        "type": "vacation"
      },
      {
        "date": "2027-04-28",
        "text": "שביעי של פסח",
        "type": "holiday"
      },
      {
        "date": "2027-05-04",
        "text": "יום השואה",
        "type": "holiday"
      },
      {
        "date": "2027-05-11",
        "text": "יום הזיכרון",
        "type": "holiday"
      },
      {
        "date": "2027-05-12",
        "text": "יום העצמאות",
        "type": "holiday"
      },
      {
        "date": "2027-05-25",
        "text": "ל\"ג בעומר",
        "type": "holiday"
      },
      {
        "date": "2027-06-04",
        "text": "יום ירושלים",
        "type": "holiday"
      },
      {
        "date": "2027-06-10",
        "text": "ערב שבועות",
        "type": "holiday"
      },
      {
        "date": "2027-06-11",
        "text": "שבועות",
        "type": "holiday"
      },
      {
        "date": "2027-07-22",
        "text": "צום י\"ז בתמוז",
        "type": "holiday"
      },
      {
        "date": "2027-08-12",
        "text": "צום ט' באב",
        "type": "holiday"
      },
      {
        "date": "2027-08-18",
        "text": "ט\"ו באב",
        "type": "holiday"
      }
    ],
    "school_vacations": [
      {
        "start": "2026-09-11",
        "end": "2026-10-04",
        "text": "חופשת תשרי"
      },
      {
        "start": "2026-12-04",
        "end": "2026-12-12",
        "text": "חופשת חנוכה"
      },
      {
        "start": "2027-01-31",
        "end": "2027-02-05",
        "text": "חופשת סמסטר"
      },
      {
        "start": "2027-03-22",
        "end": "2027-03-24",
        "text": "חופשת פורים"
      },
      {
        "start": "2027-04-12",
        "end": "2027-04-29",
        "text": "חופשת פסח"
      },
      {
        "start": "2027-06-10",
        "end": "2027-06-11",
        "text": "חופשת שבועות"
      },
      {
        "start": "2027-06-21",
        "end": "2027-08-31",
        "text": "חופשת קיץ"
      }
    ]
  }
}